# MySQL

## 事前準備
- python用のMySQL操作ライブラリのインストール
    ```sh
    pip install mysql-connector-python
    ```

## 0. やること
1. データベースを作成する
2. persons テーブルを作成する
3. persons デーブルにデータをインサートして、データをUpdata、Deleteする


## 1. データベースを作成する 
- `CREATE DATABASE`文でデータベースを作成

    ```python
    import mysql.connector

    # 1. MySQLへ接続する
    conn = mysql.connector.connect(
        host='127.0.0.1',
        user='root',
        password='mysql'
    )

    # 2. カーソルを作成する
    cursor = conn.cursor()

    # 3. cursor.executeでクエリ文を投げる
    cursor.execute(
        'CREATE DATABASE test_mysql_database'
    )

    # 4. コミットの実行
    conn.commit()

    # 5. カーソルの終了
    cursor.close()

    # 6. コネクションの終了
    conn.close()
    ```
    
- 動作確認
    ```cmd
    >mysql -u root -p
    Enter password: *****

    # show databases;　でデータベース一覧を出力
    mysql> show databases;
    +---------------------+
    | Database            |
    +---------------------+
    | information_schema  |
    | mysql               |
    | performance_schema  |
    | sys                 |
    | test_mysql_database |
    +---------------------+
    5 rows in set (0.00 sec)
    ```
    
## 2. テーブルを作成する
- personsテーブルの作成
```python
import mysql.connector

# データベースを指定して、コネクションを貼る
conn = mysql.connector.connect(
    host='127.0.0.1',
    database='test_mysql_database',
    user='root',
    password='mysql'
)

cursor = conn.cursor()

# テーブルを作成
cursor.execute(
    'CREATE TABLE persons('
    'id int NOT NULL AUTO_INCREMENT,'
    'name varchar(14) NOT NULL,'
    'PRIMARY KEY(id))')

conn.commit()
cursor.close()
conn.close()
```

- 動作確認
  - MySQLは`show create table テーブル名;`でテーブルのCREATE文が確認できる
    ```sh
    mysql> use test_mysql_database;
    Database changed
    mysql> show create table persons;
    +---------+---------------------------------------------------------------------------------------------------
    ----------------------------------------------------------------------------------+
    | Table   | Create Table
                                                                                      |
    +---------+---------------------------------------------------------------------------------------------------
    ----------------------------------------------------------------------------------+
    | persons | CREATE TABLE `persons` (
      `id` int NOT NULL AUTO_INCREMENT,
      `name` varchar(14) NOT NULL,
      PRIMARY KEY (`id`)
    ) ENGINE=InnoDB DEFAULT CHARSET=utf8mb4 COLLATE=utf8mb4_0900_ai_ci |
    +---------+---------------------------------------------------------------------------------------------------
    ----------------------------------------------------------------------------------+
    1 row in set (0.01 sec)
    ```
 

## 3. persons デーブルにデータをインサートして、データをUpdata、Deleteする
- プログラム
    ```python
    import mysql.connector

    conn = mysql.connector.connect(
        host='127.0.0.1',
        database='test_mysql_database',
        user='root',
        password='mysql'
    )

    cursor = conn.cursor()

    # テーブルが存在したら、削除する。
    cursor.execute('DROP TABLE IF EXISTS persons')
    conn.commit()

    # テーブルを作成する
    cursor.execute(
        'CREATE TABLE persons('
        'id int NOT NULL AUTO_INCREMENT,'
        'name varchar(14) NOT NULL,'
        'PRIMARY KEY(id))')
    conn.commit()


    # データのInsetを行う
    print("---- データのINSERT -----")
    cursor.execute('INSERT INTO persons(name) values("Mike")')
    cursor.execute('INSERT INTO persons(name) values("Nancy")')
    cursor.execute('INSERT INTO persons(name) values("Jun")')
    conn.commit()

    # この記述でデータを取り出すのが一般的
    cursor.execute('SELECT * FROM persons')
    for row in cursor:
        print(row)


    # 条件にあうデータをUpdata、Deleteする
    print("---- データの UPDAT / DELETE -----")
    cursor.execute('UPDATE persons set name = "Michel" WHERE name = "Mike"')
    cursor.execute('DELETE FROM persons WHERE name = "Nancy"')
    conn.commit()

    cursor.execute('SELECT * FROM persons')
    for row in cursor:
        print(row)

    cursor.close()
    conn.close()
    ```

- 実行結果
    - Python実行結果
        ```sh
        ---- データのINSERT -----
        (1, 'Mike')
        (2, 'Nancy')
        (3, 'Jun')
        ---- データの UPDAT / DELETE -----
        (1, 'Michel')
        (3, 'Jun')
        ```

    - mysql.exe実行結果
        ```python
        mysql> select * from persons;
        +----+--------+
        | id | name   |
        +----+--------+
        |  1 | Michel |
        |  3 | Jun    |
        +----+--------+
        2 rows in set (0.00 sec)
        ```